{
  "collapse-filter": true,
  "search": "",
  "showTags": false,
  "showAttachments": false,
  "hideUnresolved": false,
  "showOrphans": false,
  "collapse-color-groups": true,
  "colorGroups": [
    {
      "query": "path:Introduction  ",
      "color": {
        "a": 1,
        "rgb": 14408667
      }
    },
    {
      "query": "path:\"In the Works of John The Revelator\"  ",
      "color": {
        "a": 1,
        "rgb": 16682563
      }
    },
    {
      "query": "path:\"In the Works of Paul The Apostle\"  ",
      "color": {
        "a": 1,
        "rgb": 4718579
      }
    },
    {
      "query": "path:\"In the Works of Peter\"  ",
      "color": {
        "a": 1,
        "rgb": 16074567
      }
    },
    {
      "query": "path:\"In the Works of John The Baptist\"  ",
      "color": {
        "a": 1,
        "rgb": 1751807
      }
    },
    {
      "query": "path:\"The Bitter Sweet\"  ",
      "color": {
        "a": 1,
        "rgb": 16241488
      }
    },
    {
      "query": "path:Addendum  ",
      "color": {
        "a": 1,
        "rgb": 3201792
      }
    },
    {
      "query": "path:\"Declarative Judgments\"  ",
      "color": {
        "a": 1,
        "rgb": 11621088
      }
    }
  ],
  "collapse-display": true,
  "showArrow": false,
  "textFadeMultiplier": 0,
  "nodeSizeMultiplier": 1,
  "lineSizeMultiplier": 1,
  "collapse-forces": true,
  "centerStrength": 0.518713248970312,
  "repelStrength": 10,
  "linkStrength": 1,
  "linkDistance": 250,
  "scale": 0.7132754626224406,
  "close": false
}