{
  "main": {
    "id": "4a79deb8a88c0a11",
    "type": "split",
    "children": [
      {
        "id": "0414346ded34ed7f",
        "type": "tabs",
        "children": [
          {
            "id": "f233c71299cf17b8",
            "type": "leaf",
            "state": {
              "type": "bases",
              "state": {
                "file": "Prophecies - Sort.base",
                "viewName": "List"
              },
              "icon": "lucide-table",
              "title": "Prophecies - Sort"
            }
          },
          {
            "id": "deac2618eebdafcc",
            "type": "leaf",
            "state": {
              "type": "markdown",
              "state": {
                "file": "Prophecies - Reading List.md",
                "mode": "preview",
                "source": false
              },
              "icon": "lucide-file",
              "title": "Prophecies - Reading List"
            }
          },
          {
            "id": "548da9f9a34886ff",
            "type": "leaf",
            "state": {
              "type": "markdown",
              "state": {
                "file": "Addendum/THIS IS THE ACTIVATION OF THE SEVEN THUNDERS.md",
                "mode": "preview",
                "source": false
              },
              "icon": "lucide-file",
              "title": "THIS IS THE ACTIVATION OF THE SEVEN THUNDERS"
            }
          },
          {
            "id": "220d37f33b3d9229",
            "type": "leaf",
            "state": {
              "type": "graph",
              "state": {},
              "icon": "lucide-git-fork",
              "title": "Graph view"
            }
          }
        ]
      }
    ],
    "direction": "vertical"
  },
  "left": {
    "id": "19771720396a5259",
    "type": "split",
    "children": [
      {
        "id": "2ee7337749309e81",
        "type": "tabs",
        "children": [
          {
            "id": "5ec5ee9beeabbc7b",
            "type": "leaf",
            "state": {
              "type": "file-explorer",
              "state": {
                "sortOrder": "alphabetical",
                "autoReveal": false
              },
              "icon": "lucide-folder-closed",
              "title": "Files"
            }
          },
          {
            "id": "d1bcf3e41043dc44",
            "type": "leaf",
            "state": {
              "type": "search",
              "state": {
                "query": "",
                "matchingCase": false,
                "explainSearch": false,
                "collapseAll": false,
                "extraContext": false,
                "sortOrder": "alphabetical"
              },
              "icon": "lucide-search",
              "title": "Search"
            }
          },
          {
            "id": "547db8151beed3ad",
            "type": "leaf",
            "state": {
              "type": "bookmarks",
              "state": {},
              "icon": "lucide-bookmark",
              "title": "Bookmarks"
            }
          }
        ]
      }
    ],
    "direction": "horizontal",
    "width": 284.5
  },
  "right": {
    "id": "cf0c350765b80ca1",
    "type": "split",
    "children": [
      {
        "id": "eebfd02e2da72597",
        "type": "tabs",
        "children": [
          {
            "id": "5fe21d5773aba34b",
            "type": "leaf",
            "state": {
              "type": "backlink",
              "state": {
                "file": "Untitled.base",
                "collapseAll": false,
                "extraContext": false,
                "sortOrder": "alphabetical",
                "showSearch": false,
                "searchQuery": "",
                "backlinkCollapsed": false,
                "unlinkedCollapsed": true
              },
              "icon": "links-coming-in",
              "title": "Backlinks for Untitled"
            }
          },
          {
            "id": "30c50687992d56b3",
            "type": "leaf",
            "state": {
              "type": "outgoing-link",
              "state": {
                "file": "Untitled.base",
                "linksCollapsed": false,
                "unlinkedCollapsed": true
              },
              "icon": "links-going-out",
              "title": "Outgoing links from Untitled"
            }
          },
          {
            "id": "be42b0ce5947571d",
            "type": "leaf",
            "state": {
              "type": "tag",
              "state": {
                "sortOrder": "frequency",
                "useHierarchy": true,
                "showSearch": false,
                "searchQuery": ""
              },
              "icon": "lucide-tags",
              "title": "Tags"
            }
          },
          {
            "id": "233945420299a759",
            "type": "leaf",
            "state": {
              "type": "outline",
              "state": {
                "file": "Untitled.base",
                "followCursor": false,
                "showSearch": false,
                "searchQuery": ""
              },
              "icon": "lucide-list",
              "title": "Outline of Untitled"
            }
          }
        ]
      }
    ],
    "direction": "horizontal",
    "width": 300,
    "collapsed": true
  },
  "left-ribbon": {
    "hiddenItems": {
      "switcher:Open quick switcher": false,
      "graph:Open graph view": false,
      "canvas:Create new canvas": false,
      "daily-notes:Open today's daily note": false,
      "templates:Insert template": false,
      "command-palette:Open command palette": false,
      "bases:Create new base": false
    }
  },
  "active": "f233c71299cf17b8",
  "lastOpenFiles": [
    "images/this-is-the-activation-of-seven-thunders-dark.webp",
    "Addendum/THIS IS THE ACTIVATION OF THE SEVEN THUNDERS.md",
    "Addendum/The Mighty Gathering of the Faithful in Christ.md",
    "Prophecies - Sort.base",
    "images/this-is-the-activation-of-seven-thunders.webp",
    "images/this-is-the-activation-of-seven-thunders2.webp",
    "Prophecies - Reading List.md",
    "Categories/Addendum.md",
    "Addendum/To The Children Of Yeshua HaMashiach, The Mighty 144,000.md",
    "Addendum/Nine Twenty Three - Convergence.md",
    "images/nine-twenty-three.webp",
    "Declarative Judgments/Behold! Full and Unabridged Declarative Judgments on Secret Babylon.md",
    "Addendum/The Apokalupsis of The 144,000 - Rise Mighty Warrior Bride - This is The Midnight Cry.md",
    "Addendum/Your Season of NOW.md",
    "images/to-the-children-of-yeshua-hamashiach-the-mighty-144000.webp",
    "Addendum/A Final Call Before Finality Falls on The Judged.md",
    "In the Works of John The Baptist/Hear My Words, Says The Lord!.md",
    "In the Works of John The Baptist/Hear My Voice!.md",
    "In the Works of John The Baptist/Have I Not Justified You.md",
    "In the Works of John The Baptist/Have Faith in Me.md",
    "In the Works of John The Baptist/Great Calamity Approaches.md",
    "In the Works of John The Baptist/Awake!.md",
    "Declarative Judgments/To The Fallen Ones - Heylel, The Satans, The Watchers, The Fallen Cherubim, The Fallen Seraphim.md",
    "Declarative Judgments/Behold! Judgment On Secret Babylon - Charges and Prophetic Declarations Given Before Judgment Falls.md",
    "Declarative Judgments/Behold! A Synopsis of Declarative Judgments on Secret Babylon Before Judgment Falls in Full.md",
    "In the Works of John The Revelator/To the Fallen Ones - Now Comes Your Judgment!.md",
    "In the Works of John The Revelator/To the 144,000 and the Tribulation Saints of Jacob's Trouble.md",
    "In the Works of John The Revelator/To the 144,000 - Repudiate Their Lies.md",
    "In the Works of John The Revelator/To the 144,000 - Hear My Words and Wisdom!.md",
    "In the Works of John The Revelator/The Times Have Come!.md",
    "In the Works of John The Revelator/To the 144,000 - For Just Such a Time You Have Been Called and Sealed.md",
    "images/your-season-of-now.webp",
    "images/rootcut.webp",
    "Addendum/Untitled",
    "images/physicians-of-no-value.webp",
    "images/the-fiery-judgment-of-heylel-ben-shachar.webp",
    "images/the-midnight-cry-ready-yourselves.webp",
    "images/root.webp",
    "Addendum/New Text Document.txt",
    "sounds/night-approaches.opus",
    "sounds/night approaches.opus",
    "sounds/Night Approaches.opus",
    "In the Works of Peter/In The Works of John The Revelator/To the Fallen Ones Now Comes Your Judgment.opus",
    "In the Works of Peter/In The Works of John The Revelator/To the Fallen Ones Now Comes Your Judgment.txt",
    "In the Works of Peter/In The Works of John The Revelator/New Text Document.txt",
    "In the Works of Peter/In The Works of John The Revelator/To the 144000 and the Tribulation Saints of Jacobs Trouble.opus"
  ]
}